{
    "name": "Gothic50",
    "lighting": "qmk_backlight_rgblight",
    "productId": "0xBE50",
    "vendorId": "0xBEEFE",
    "matrix": {
        "rows": 4,
        "cols": 14
    },
    "layouts": {
        "labels": [
            "Split Backspace",
            [
                "Bottom Row",
                "Stabilizers",
                "No Stabilizers"
            ]
        ],
        "keymap": [
            [
                {
                    "x": 13.5,
                    "a": 7,
                    "w": 2
                  },
                "0,12\n\n\n0,1"
            ],
            [
                {
                    "x": 0.5
                },
                "0,0",
                "0,1",
                {
                    "x": 10
                },
                "0,9",
                "0,10\n\n\n\n0,0",
                "0,11\n\n\n0,0",
                {
                    "x": 0.25
                },
                "1,13"
            ],
            [
                {
                    "x": 0.25,
                    "w": 1.25
                },
                "1,0",
                "1,1",
                {
                    "x": 10.5
                },
                "1,10",
                {
                    "w": 1.75
                },
                "1,11",
                {
                    "x": 0.25
                },
                "1,13"
            ],
            [
                {
                    "w": 1.75
                },
                "2,0",
                "2,1",
                {
                    "x": 9.75
                },
                "2,10",
                "2,11",
                {
                    "x": 1.75
                },
                "2,13"
            ],
            [
                {
                    "y": -0.75,
                    "x": 15
                },
                "2,12"
            ],
            [
                {
                    "y": -0.25,
                    "x": 0.25,
                    "w": 1.25
                },
                "3,0",
                {
                    "w": 1.25
                },
                "3,1"
            ],
            [
                {
                    "y": -0.75,
                    "x": 14
                },
                "3,11",
                "3,12",
                "3,13"
            ],
            [
                {
                    "r": 12,
                    "rx": 2.75,
                    "ry": 0.25,
                    "y": 0.75
                },
                "0,2",
                "0,3",
                "0,4",
                "0,5"
            ],
            [
                {
                    "rx": 3.25,
                    "ry": 1.5,
                    "y": 0.5,
                    "x": -0.5
                  },
                "1,2",
                "1,3",
                "1,4",
                "1,5"
            ],
            [
                {
                    "ry": 3.75,
                    "y": -0.75,
                    "x": -0.5
                  },
                "2,2",
                "2,3",
                "2,4",
                "2,5"
            ],
            [
                {
                    "w": 1.25
                  },
                  "3,2",
                  {
                    "w": 2.25
                  },
                  "3,5\n\n\n1,0"
            ],
            [
                {
                  "x": 1.25
                },
                "3,4\n\n\n1,1",
                {
                  "w": 1.25
                },
                "3,5\n\n\n1,1"
              ],
            [
                {
                    "r": -12,
                    "rx": 2.75,
                    "ry": 0.25,
                    "y": 2.75,
                    "x": 5.25
                },
                "0,6",
                "0,7",
                "0,8",
                "0,9"
            ],
            [
                {
                    "x": 5.5
                },
                "1,6",
                "1,7",
                "1,8",
                "1,9"
            ],
            [
                {
                    "x": 5
                },
                "2,6",
                "2,7",
                "2,8",
                "2,9"
            ],
            [
                {
                    "x": 4.75,
                    "w": 2.75
                },
                "3,9\n\n\n1,0",
                {
                    "w": 1.25
                },
                "3,10   "
            ],
            [
                {
                    "x": 4,
                    "w": 1.75
                },
                "3,7\n\n\n1,1",
                "3,9\n\n\n1,1"
            ]
        ]
    }
}