{
  "name": "Gothic70",
  "lighting": "qmk_backlight_rgblight",
  "productId": "0x0070",
  "vendorId": "0x0901",
  "matrix": {
    "rows": 5,
    "cols": 15
  },
  "layouts": {
    "labels": [
      "Split Backspace"
    ],
    "keymap": [
      [
        {
          "x": 15.5,
          "a": 7
        },
        "0,13\n\n\n0,1",
        "0,14\n\n\n0,1"
      ],
      [
        {
          "x": 0.5
        },
        "0,0",
        "0,1",
        "0,2",
        {
          "x": 10
        },
        "0,11",
        "0,12",
        {
          "w": 2
        },
        "0,14\n\n\n0,0",
        {
          "x": 0.25
        },
        "1,14"
      ],
      [
        {
          "x": 0.5,
          "w": 1.5
        },
        "1,0",
        "1,1",
        {
          "x": 11.25
        },
        "1,11",
        "1,12",
        {
          "w": 1.5
        },
        "1,13",
        {
          "x": 0.25
        },
        "2,14"
      ],
      [
        {
          "x": 0.25,
          "w": 1.75
        },
        "2,0",
        "2,1",
        {
          "x": 10.75
        },
        "2,10",
        "2,11",
        {
          "w": 2.25
        },
        "2,12",
        {
          "x": 0.25
        },
        "3,14"
      ],
      [
        {
          "w": 2.25
        },
        "3,0",
        "3,1",
        {
          "x": 11
        },
        "3,10",
        {
          "w": 1.75
        },
        "3,11"
      ],
      [
        {
          "y": -0.75,
          "x": 17.25
        },
        "3,13"
      ],
      [
        {
          "y": -0.25,
          "x": 0.25,
          "w": 1.25
        },
        "4,0",
        {
          "w": 1.25
        },
        "4,1",
        {
          "x": 11.75,
          "w": 1.25
        },
        "4,10"
      ],
      [
        {
          "y": -0.75,
          "x": 16.25
        },
        "4,12",
        "4,13",
        "4,14"
      ],
      [
        {
          "r": 12,
          "rx": 3.25,
          "ry": 0.25,
          "y": 0.75,
          "x": 0.5
        },
        "0,3",
        "0,4",
        "0,5",
        "0,6"
      ],
      [
        {
          "x": 0.25
        },
        "1,2",
        "1,3",
        "1,4",
        "1,5"
      ],
      [
        {
          "ry": 1.5,
          "y": 1.5,
          "x": 0.25
        },
        "2,2",
        "2,3",
        "2,4",
        "2,5"
      ],
      [
        {
          "ry": 3.75,
          "y": 0.25,
          "x": 0.25
        },
        "3,2",
        "3,3",
        "3,4",
        "3,5"
      ],
      [
        {
          "x": 0.5,
          "w": 1.25
        },
        "4,2",
        {
          "w": 2.25
        },
        "4,4",
        "4,5"
      ],
      [
        {
          "r": -12,
          "rx": 2.75,
          "ry": 0.25,
          "y": 3,
          "x": 6.25
        },
        "0,7",
        "0,8",
        "0,9",
        "0,10"
      ],
      [
        {
          "x": 5.75
        },
        "1,6",
        "1,7",
        "1,8",
        "1,9",
        "1,10"
      ],
      [
        {
          "x": 6
        },
        "2,6",
        "2,7",
        "2,8",
        "2,9"
      ],
      [
        {
          "x": 5.25
        },
        "4,6",
        "3,6",
        "3,7",
        "3,8",
        "3,9"
      ],
      [
        {
          "x": 5.75,
          "w": 2.75
        },
        "4,7",
        {
          "w": 1.25
        },
        "4,9"
      ]
    ]
  }
}